{"BdczpEuOgjRk7+3rqiWjbw==":"slide3-177x100.jpg","ErF+UiArjj7JR2/aOJWosg==":"slide3-1777x1000.jpg","K3KqA3knE+ovmB63M2rimA==":"slide3-1481x833.jpg","sHC900w5XC0mKEiKuLvBiQ==":"slide1-1-1777x1000.jpg","kRmNi77WXypZjB+q5/Av5A==":"slide2-2-1777x1000.jpg","tVmfAe3OSVZGrxHYFnRM8Q==":"pho09-258x211.png","bfGgLBNYGcaeutlcQy1rHQ==":"p(4)-258x211.png","uRS/A4MFb0MSEnChHzQ7Ug==":"%D0%A3%D0%B7%D0%BD%D0%B0%D1%82%D1%8C-%D1%86%D0%B5%D0%BD%D1%83-1920x132.png","RKgG/ErL8O4liLPwLxOGiA==":"1920-1920x1200.png","pLF4Yws5M5vNVRUGCJPBkw==":"wtyyyt%20(5)-650x503.png","nG+WrLTYEJqr+lkSvjvl7Q==":"%D1%81%D0%B0%D0%BB%D0%BE%D0%BD3-1920x1080.png","wQ0KLovnGMNEq+DSvmFeWw==":"photoeditorsdk-export%20(6)-1920x512.png","iaOFQKvcg1iSXTB3f8+JIA==":"1-616x846.jpg","HHI/carlGsbgrx4cFxI/3w==":"2-616x846.jpg","HRjxvwgSOV+tQ09YQP4/1w==":"3-616x846.jpg","Mq54pFtumCjfX8LTgZ03Ug==":"4-616x846.jpg","nS2d8rrkxtWleiZQvfOoNw==":"5-616x846.jpg","GRq9vyDCpJJaogp5C5Mdqg==":"1-400x549.jpg","xWnq0G1BKL9l9ToHa+cFrA==":"3-400x549.jpg","bSHEVRFpS9MRr8/VZVHSkQ==":"2-400x549.jpg","KvJICA6EYWaQD3TLIgZ10A==":"4-400x549.jpg","xclnBtt7erJ+ERZhsZvzjw==":"%D0%A7%D0%A2%D0%9E%20%D0%92%D0%AB%D0%A8%D0%9B%D0%9E20019-1920x512.jpg","2iyRM63vi3NVOFY4SKK+hg==":"%D0%A2%D0%9E%20%D0%A7%D0%A2%D0%9E%20%D0%9C%D0%9D%D0%95%20%D0%9D%D0%A3%D0%96%D0%9D%D0%9E-1920x512.jpg","MmKZvZ4rYK2PAwPeyBFl6g==":"%D0%A2%D0%95%D0%9C%D0%9D%D0%90%D0%AF-1920x512.jpg","5NKq1U+A8azc/gwbf1ibAg==":"5-400x549.jpg","dS9C6j6dMe2LlqluNQWLBA==":"photoeditorsdk-export%20(7)-1886x604.png","NgHw7Sn6ls+V1l0wCE+6Jg==":"rt%20778-1920x972.png","0OKpJkajkMX/5VwrjOwD8A==":"fully-1892x580.png","pQOKrK8j6vZI0w7BwIAU1g==":"0000rt%20(1)-2000x576.png","nbiDwNeudYcQa+IiXF1Zpg==":"fully98676-1892x580.png","4/7qb337UEMUponSWqRsWQ==":"54545454-2000x532.jpg","oj8kYakqUK6otmSwiLidqQ==":"%D0%BE%D1%88%D1%80%D0%B39%D1%80rt%20(7)-1920x270.png","SXQeFV8TNdJwAzLieKlEbg==":"%D0%9D%D0%98%D0%979999922222-2000x199.jpg","K3+2Udig6Mf6hKznFh1P2Q==":"%D0%9F%D0%95%D0%A0%D0%92%D0%90%D0%AF222-2000x330.jpg","Y4wzYTcLd/MocVkP0mR9gQ==":"%D0%9D%D0%9E%D0%92%D0%92%D0%92%D0%92%D0%92%D0%9E%D0%95%D0%95%D0%9D(7)-2000x130.png","8pyTceZVBLZXmHKWCp5QQA==":"%D0%90%D0%95%D0%A1%D0%9B%D0%98%20%D0%A2%D0%90%D0%9A-2000x116.png","HPkhEp/3VLsuR6CPgbkrAA==":"logo-heade-182x128.png","wjRvD+sGLSjeTyqlGZ0Z1w==":"logo66667890-182x128.png","lnv5D0RZfLZZsZcVJTvBng==":"photoeditorsdk-export%20(7)-250x210.png","aeIZ2jzSfd/jYHt3xsNaVw==":"photoeditorsdk-export%20(8)-256x210.png","4ZAVl2ZaTO3Gh+fHV/4KHQ==":"photoeditorsdk-export%20(9)-258x241.png","csErQrpBzfIt5cSECWu2Tg==":"photoeditorsdk-export%20(10)-256x210.png","GinUjFUTazkjdROaJmJuWg==":"rfrbt%20-1886x604.jpg","7L9JKUM0bGu7yRbmDB4DGA==":"p1-245x133.jpg","Be08FF47PAldK8x27XmIbQ==":"p2-245x133.jpg","GIT29Rn9UG9fsgHn/CT/og==":"p3-245x133.jpg","mSOgFqFo31uXhzdxzcixCA==":"p4-245x133.jpg","5mzq7KivSTntWfkFcHN6BQ==":"p5-245x133.jpg","ptg2o+1kUF3uWRB5QSbcxg==":"super-2000x611.jpg","IuF055dBE1xHgnDjELI8SA==":"no-tatuas-2000x576.jpg","c6CvXv4Q+9KmBZVA4CXfcA==":"tatuage-2000x576.jpg","ghgoRDE83kAQzsM+XRmC/A==":"kode-1920x1080.png","Kd0Z9PFA5IAsjqHC+AFR8A==":"original_596476cbe165c967a73f1336_59689769eafd0-520x270.jpg","WTFFpa8iMcnC1RNMd9R97Q==":"541083019_w640_h640-540801-640x363.jpg","w/qx/UvLCKgIaTkG6Wpz/w==":"1920-1-1920x1200.png","5HxSEOoZnv3tFAGkXYMKUQ==":"541080101_w640_h640-540795-600x367.jpg","g5Cz3LmeGgCnY5vITYfgBA==":"541082611_w640_h640-540798-600x443.jpg","47GL3N/WdFlWOnCc2WSA8g==":"541083019_w640_h640-540801-600x340.jpg","3d7G04dvIx403I4W8oYcrQ==":"541082127_w640_h640-540797-489x254.jpg","vdZA3im3Q0K5peSoaVq4ng==":"%D0%91%D0%B5%D0%B7%20%D0%BD%D0%B0%D0%B7%D0%B2%D0%B0%D0%BD%D0%B8%D1%8F-265x190.jpg","x4md4hPAo8B268tjtUrlnA==":"original_596476cbe165c967a73f1336_5968976fbd4bb-520x270.jpg","xj/ayTgg3ONmbQIXdfdjEg==":"dsc03682-600x402.jpg","zq7DrBxWgsQQJLzwy1ydRA==":"original_596476cbe165c967a73f1336_59689769eafd0-1-520x270.jpg","bfEp2StsCxYkRcXueHGLXQ==":"img_2023-06-03-19-07-13%20(1)-750x1334.png","V0cmVUVpgGcU4cjefp2fJw==":"%D0%9F%D1%80%D0%B8%D0%BC%D0%B5%D1%80-1920x1080.png","LwXipQM7G872+o1wrbWy5w==":"ralph-and-russo-wedding-dress-meghan-markle-e1525576400667-600x556.png","1WKQ/ry680qxMDrAwHSNFQ==":"photoeditorsdk-export%20(13)-1886x554.png","qJ31OOybjUS2wtFXXprRsA==":"1920-2-1920x1200.png","HkGsCkoKxhnpiY6HYuXUZA==":"img-20210929-wa0014-1280x720.jpg","6y8jJCKIuh/PBCGLRp5x9A==":"img-20210929-wa0013-2000x1125.jpg"}